index,peoples_count
7,1123
11,735
12,280
13,155
14,370
15,226
16,270
20,280
21,471
26,531
28,407
29,166
31,700
33,300
34,294
37,594
38,304
39,160
40,380
41,225
43,673
44,669
45,964
53,320
79,233
80,227
81,181
82,280
105,1386
174,445
175,225
176,1007
187,136
188,3022
190,935
194,482
197,242
199,571
200,284
220,895
225,227
227,171
228,310
229,228
231,315
232,386
233,404
234,163
242,563
243,282
244,165
245,631
246,215
247,232
251,243
252,235
253,175
255,555
256,336
257,146
258,411
259,574
260,462
267,275
268,371
304,858
381,389
382,390
388,226
389,229
392,1499
396,4316
402,564
404,802
406,356
407,296
408,86
411,108
415,282
426,704
428,286
433,225
435,137
436,391
438,169
440,235
441,736
445,384
446,448
447,328
449,570
451,274
452,287
453,166
455,225
457,510
458,724
461,299
466,766
467,106
468,313
469,1114
470,885
472,681
473,174
474,359
482,928
509,542
510,1091
513,715
514,545
518,831
519,353
522,578
589,159
590,167
596,389
602,222
603,230
605,150
614,297
615,299
616,551
618,124
621,299
622,298
623,298
624,108
625,230
626,450
628,541
637,1475
638,489
641,318
645,572
646,374
647,188
652,639
654,525
655,236
656,682
658,716
659,383
660,298
661,172
662,234
663,263
666,812
670,738
672,1190
675,299
677,443
678,55
679,183
680,443
681,842
684,724
685,400
687,245
688,213
690,104
696,991
723,332
724,357
725,469
726,338
727,338
728,169
732,343
734,637
735,230
736,430
800,309
802,545
803,497
804,109
805,277
809,180
817,111
818,105
829,1064
831,103
832,593
833,296
834,294
835,0
836,556
838,235
839,850
841,1144
843,298
845,1049
849,837
855,151
861,332
868,1184
869,379
870,158
871,721
872,282
873,312
874,309
875,172
877,319
878,441
884,415
885,1313
887,502
888,227
889,573
892,70
893,335
894,65
895,253
896,152
897,330
899,137
900,153
902,369
903,103
910,162
928,554
929,452
931,1286
932,232
934,233
935,791
939,452
940,336
941,169
942,147
946,704
948,299
950,855
1011,62
1012,126
1013,332
1014,124
1015,356
1017,324
1020,415
1022,427
1023,255
1024,283
1042,326
1044,558
1045,163
1047,862
1049,401
1050,465
1052,401
1054,480
1056,427
1059,324
1084,829
1087,634
1100,520
1101,566
1102,504
1104,360
1105,478
1107,1170
1108,165
1110,577
1111,109
1112,171
1113,347
1115,344
1116,380
1118,363
1124,580
1126,789
1142,281
1143,460
1144,577
1145,419
1146,179
1147,727
1148,308
1149,334
1154,177
1155,336
1156,144
1160,1059
1163,222
1164,472
1165,234
1166,236
1225,63
1226,127
1229,119
1232,379
1235,202
1236,371
1238,694
1246,1572
1249,199
1259,585
1260,146
1261,473
1263,532
1265,472
1266,228
1267,468
1268,405
1269,330
1270,730
1271,273
1273,176
1303,409
1318,230
1319,352
1321,0
1322,617
1323,389
1324,364
1325,516
1326,227
1327,243
1328,154
1329,243
1330,228
1331,224
1332,442
1334,229
1335,227
1336,459
1338,579
1340,449
1355,502
1357,231
1358,231
1360,238
1363,487
1364,158
1365,583
1367,641
1368,179
1369,565
1370,180
1374,395
1375,379
1376,460
1377,186
1378,587
1380,475
1438,314
1439,485
1441,472
1442,336
1443,177
1445,329
1446,588
1447,357
1448,251
1449,243
1450,645
1453,341
1454,186
1455,186
1461,661
1464,339
1465,598
1466,1448
1470,175
1471,668
1473,554
1475,525
1476,464
1478,171
1481,531
1485,339
1487,393
1529,485
1532,323
1534,442
1535,265
1536,641
1537,479
1538,453
1541,468
1542,843
1544,1040
1545,625
1550,368
1551,240
1553,658
1555,453
1576,63
1578,317
1582,321
1583,177
1584,356
1589,172
1590,162
1592,644
1593,629
1652,524
1653,64
1654,173
1655,431
1656,195
1658,802
1659,361
1664,223
1681,158
1682,516
1689,317
1690,139
1693,132
1696,153
1699,308
1700,219
1725,630
1729,33
1744,485
1746,904
1749,224
1750,236
1752,188
1755,463
1757,670
1758,363
1759,620
1762,731
1763,1096
1765,467
1766,311
1774,769
1778,595
1782,151
1784,580
1791,336
1803,219
1805,217
1807,232
1808,230
1810,242
1839,231
1840,174
1841,233
1865,525
1869,63
1874,11
1875,752
1876,323
1894,759
1895,753
1897,653
1905,243
1906,495
1907,147
1908,147
1909,132
1910,455
1911,422
1918,516
1960,219
1961,86
1962,579
1963,145
1964,265
1965,165
1966,163
1967,632
1969,361
1973,630
1978,745
1991,231
1995,1101
1997,290
1998,156
2002,235
2010,302
2011,288
2012,1586
2020,372
2021,173
2022,409
2024,610
2055,232
2056,537
2058,343
2078,963
2079,1448
2088,109
2091,259
2092,465
2093,160
2107,183
2108,250
2109,273
2112,370
2121,633
2124,282
2129,2042
2132,386
2138,389
2139,162
2179,181
2181,570
2182,161
2185,67
2186,93
2187,110
2192,167
2193,538
2195,228
2200,469
2201,186
2203,440
2204,172
2205,246
2206,361
2211,822
2212,357
2214,844
2221,474
2223,468
2224,188
2226,522
2227,177
2234,1001
2235,226
2237,234
2239,409
2240,301
2241,298
2242,300
2244,479
2245,942
2246,332
2247,1054
2249,1061
2251,1042
2269,106
2271,511
2273,484
2274,807
2275,617
2276,61
2277,390
2280,109
2281,1213
2282,881
2284,598
2285,731
2287,912
2290,1509
2295,485
2299,278
2305,129
2307,435
2319,441
2320,199
2322,831
2323,234
2324,331
2326,355
2336,139
2337,140
2338,139
2344,105
2345,305
2346,64
2352,227
2353,457
2395,530
2398,286
2400,1106
2407,161
2414,217
2416,179
2422,134
2424,220
2426,221
2427,407
2428,555
2435,478
2437,286
2438,643
2439,211
2440,217
2441,261
2447,380
2448,1020
2450,230
2451,224
2453,226
2454,235
2455,334
2458,243
2459,39
2460,533
2461,760
2463,627
2483,321
2486,163
2488,1079
2489,969
2490,165
2491,236
2492,540
2493,409
2497,791
2498,185
2499,264
2500,46
2507,87
2512,83
2515,11
2534,412
2535,156
2538,214
2558,177
2559,352
2560,176
2561,85
2562,211
2563,394
2564,301
2565,162
2566,161
2567,229
2595,557
2610,370
2611,277
2613,469
2614,541
2627,102
2629,294
2630,506
2631,391
2633,227
2634,506
2636,284
2638,1025
2642,465
2651,994
2652,482
2653,498
2663,581
2666,457
2667,191
2668,374
2669,909
2673,366
2674,710
2677,39
2678,129
2679,617
2701,144
2702,140
2704,133
2707,166
2708,947
2710,294
2711,965
2712,595
2715,350
2716,926
2737,1240
2754,352
2772,167
2774,267
2775,122
2776,518
2777,176
2778,223
2780,122
2781,140
2793,485
2812,1234
2823,498
2824,235
2825,468
2826,287
2827,108
2829,333
2830,182
2842,164
2843,308
2845,418
2847,388
2850,94
2851,501
2852,335
2854,367
2856,386
2865,460
2867,166
2868,351
2882,310
2885,712
2887,442
2888,402
2889,247
2890,625
2891,591
2892,979
2893,245
2894,295
2923,282
2924,450
2926,492
2927,1179
2930,773
2931,4603
2935,936
2937,243
2963,310
2965,221
2966,354
2985,1587
2986,530
2990,363
2991,168
2992,399
2993,488
2994,158
3010,5046
3025,457
3026,161
3027,263
3028,583
3036,472
3037,393
3038,235
3039,280
3041,225
3043,222
3044,261
3046,383
3055,732
3057,483
3058,129
3060,64
3061,872
3062,442
3063,58
3064,665
3065,222
3066,145
3067,539
3068,985
3076,550
3078,271
3080,750
3081,345
3083,1020
3085,1007
3096,228
3100,405
3102,680
3105,489
3106,169
3143,832
3150,608
3152,692
3153,1085
3174,249
3175,106
3200,762
3202,277
3203,108
3204,290
3206,394
3208,141
3239,105
3240,70
3249,178
3250,324
3251,196
3252,267
3253,393
3254,363
3257,529
3259,779
3269,129
3270,352
3271,345
3274,407
3276,773
3277,528
3278,138
3279,577
3281,146
3282,766
3283,689
3284,640
3288,480
3291,466
3292,267
3293,608
3294,549
3303,2642
3305,466
3311,1215
3312,33
3314,364
3317,232
3318,973
3319,237
3321,443
3336,319
3337,754
3355,49
3360,1574
3361,476
3362,241
3363,241
3364,243
3367,111
3368,321
3369,355
3386,361
3396,130
3397,212
3398,293
3415,368
3416,171
3417,171
3419,65
3420,136
3421,321
3422,167
3429,894
3458,3119
3467,653
3469,173
3472,963
3482,430
3484,318
3485,485
3486,332
3493,408
3494,250
3500,260
3501,413
3507,332
3508,576
3509,297
3510,265
3528,1549
3529,232
3531,567
3532,518
3533,309
3534,258
3536,549
3552,609
3553,201
3556,651
3571,473
3572,108
3573,104
3574,802
3576,473
3577,479
3578,476
3579,476
3580,242
3582,287
3583,414
3592,2356
3611,174
3629,489
3631,1463
3632,795
3634,468
3635,233
3642,894
3643,891
3673,1124
3675,321
3681,1256
3682,324
3684,342
3685,556
3696,520
3697,262
3698,485
3699,485
3700,616
3705,553
3706,20
3707,84
3710,398
3711,340
3739,243
3741,243
3742,522
3743,290
3744,176
3745,485
3746,293
3747,701
3751,624
3766,196
3767,85
3768,1174
3769,269
3770,538
3778,76
3779,393
3781,173
3783,104
3784,226
3794,242
3795,241
3799,703
3803,576
3805,1057
3819,206
3836,227
3837,233
3840,219
3841,222
3842,717
3843,265
3844,411
3848,698
3851,1377
3856,897
3880,492
3881,773
3885,536
3886,385
3888,876
3895,42
3896,139
3897,2308
3898,321
3899,373
3901,749
3910,645
3911,165
3913,238
3915,618
3916,113
3918,384
3920,56
3929,408
3930,222
3933,777
3956,1075
3958,603
3959,22
3961,164
3962,363
3964,356
3966,165
3967,116
3982,843
3984,621
3992,570
3993,741
3994,231
3995,615
3998,105
4015,799
4019,1249
4031,255
4033,132
4034,220
4035,140
4047,390
4049,570
4050,371
4051,347
4053,854
4062,655
4066,504
4068,2078
4069,310
4070,311
4071,556
4092,745
4096,481
4098,602
4100,205
4101,212
4102,208
4103,274
4104,166
4105,1470
4106,156
4112,331
4116,643
4122,564
4123,132
4124,107
4125,485
4126,241
4128,111
4130,96
4134,73
4135,239
4169,911
4171,243
4173,946
4176,175
4177,476
4178,850
4198,915
4199,65
4200,334
4202,1167
4205,172
4207,671
4208,621
4210,424
4213,317
4214,63
4244,265
4246,257
4247,322
4248,154
4249,171
4250,166
4251,190
4260,473
4262,1106
4263,1065
4267,1328
4271,1316
4273,616
4274,659
4276,1483
4279,1371
4281,1989
4282,1675
4283,310
4285,728
4287,1438
4309,677
4311,354
4314,202
4315,198
4318,383
4319,201
4323,289
4324,195
4329,770
4339,356
4340,107
4342,656
4344,394
4351,596
4352,147
4357,200
4361,1226
4362,341
4363,348
4371,634
4384,111
4385,241
4386,382
4387,351
4388,549
4390,244
4391,242
4392,241
4395,284
4412,167
4413,186
4415,1424
4418,1520
4423,443
4425,186
4426,175
4443,70
4473,1450
4479,1070
4486,245
4487,246
4488,524
4491,1057
4493,463
4494,587
4498,2207
4500,3282
4502,608
4524,367
4539,156
4540,673
4544,387
4545,326
4553,224
4554,433
4559,100
4560,126
4565,198
4566,75
4569,402
4572,234
4575,670
4576,379
4577,505
4578,377
4580,673
4585,110
4593,242
4595,239
4596,309
4597,310
4600,562
4601,408
4603,513
4609,280
4610,565
4629,541
4632,568
4633,764
4634,235
4635,568
4649,47
4657,81
4659,22
4671,3431
4688,320
4689,234
4690,519
4692,485
4693,613
4695,459
4696,477
4698,473
4699,481
4700,365
4704,273
4705,213
4706,240
4707,216
4709,1660
4711,819
4712,544
4714,538
4720,538
4724,282
4726,353
4736,985
4750,704
4751,282
4755,394
4761,556
4768,620
4777,1783
4779,498
4790,337
4791,342
4792,249
4793,119
4795,456
4807,352
4811,170
4812,330
4817,269
4818,1103
4819,407
4820,746
4821,72
4822,403
4823,585
4824,105
4825,525
4844,320
4864,247
4865,353
4867,70
4873,22
4874,264
4875,236
4900,947
4903,267
4904,284
4905,283
4906,283
4907,567
4909,483
4912,426
4916,589
4920,165
4921,367
4924,577
4926,577
4927,868
4931,1076
4937,513
4941,472
4946,139
4948,1199
4950,307
4951,442
4965,446
4968,468
4969,259
4973,593
4974,590
4981,418
4983,267
4984,229
4985,508
4991,212
4992,866
4993,366
4995,1107
4996,118
4997,357
5001,1279
5002,91
5003,568
5004,642
5005,672
5007,832
5008,640
5009,171
5010,156
5021,253
5031,361
5033,961
5035,51
5040,65
5055,1009
5058,750
5064,180
5077,360
5078,98
5079,589
5088,229
5099,681
5101,298
5105,52
5108,282
5114,226
5115,477
5116,234
5118,231
5119,288
5120,521
5139,1187
5140,578
5141,699
5148,27
5155,119
5156,115
5157,763
5158,354
5159,335
5162,547
5163,200
5164,175
5165,353
5178,688
5179,162
5182,551
5184,168
5185,520
5186,185
5193,558
5196,882
5204,575
5205,208
5209,942
5210,175
5213,1913
5214,39
5215,921
5216,373
5219,236
5220,17
5222,557
5223,132
5224,167
5229,1340
5231,530
5232,691
5233,619
5235,621
5237,142
5238,354
5246,1092
5250,147
5253,535
5265,701
5267,458
5276,151
5277,198
5278,360
5287,804
5290,657
5291,395
5293,1148
5296,94
5298,1245
5299,31
5303,179
5311,613
5314,347
5320,271
5321,448
5329,1191
5330,324
5331,220
5332,695
5333,407
5339,264
5352,940
5356,702
5357,721
5358,168
5359,352
5366,392
5367,158
5369,159
5376,445
5377,108
5378,384
5397,224
5407,440
5409,1404
5410,523
5412,286
5416,351
5418,209
5419,461
5420,496
5424,960
5428,99
5429,334
5434,455
5435,459
5437,122
5438,146
5443,476
5446,590
5448,353
5449,449
5450,379
5451,545
5452,356
5455,360
5456,363
5460,228
5461,538
5462,282
5463,1111
5465,536
5468,896
5488,106
5491,69
5492,59
5501,304
5504,24
5505,894
5507,566
5508,366
5509,322
5510,503
5513,235
5515,652
5516,200
5519,762
5530,478
5532,694
5535,155
5545,235
5553,216
5554,694
5555,80
5564,285
5565,859
5566,177
5567,175
5568,303
5569,969
5571,269
5572,106
5574,185
5576,138
5577,704
5578,119
5579,234
5580,109
5581,115
5586,8457
5590,331
5592,358
5618,307
5623,557
5626,459
5627,706
5629,362
5630,567
5631,311
5632,234
5633,565
5635,2748
5642,1247
5648,207
5652,747
5653,772
5658,944
5660,1436
5662,148
5663,353
5664,282
5665,1252
5667,160
5673,534
5674,56
5677,435
5680,1972
5701,145
5704,49
5712,169
5713,173
5715,232
5716,364
5717,816
5720,578
5721,1234
5722,324
5724,77
5725,513
5727,245
5728,539
5729,112
5730,525
5731,237
5732,578
5734,627
5742,643
5744,739
5760,325
5761,944
5768,41
5778,215
5783,467
5785,234
5786,238
5787,1457
5789,726
5792,687
5793,119
5795,1543
5796,1476
5803,606
5829,267
5830,622
5831,144
5832,368
5833,347
5837,622
5838,384
5841,432
5842,195
5843,675
5847,203
5853,471
5864,683
5865,262
5866,123
5870,31
5874,503
5875,99
5876,130
5877,945
5879,375
5887,128
5890,230
5892,404
5893,354
5894,240
5899,714
5914,275
5915,185
5922,471
5924,325
5925,323
5926,330
5927,393
5929,50
5934,568
5936,794
5938,494
5939,122
5940,465
5941,320
5942,564
5943,858
5945,880
5953,2149
5955,415
5957,565
5958,1234
5960,749
5974,306
5980,74
5981,264
5982,161
5983,862
5985,159
5986,474
5995,221
5996,166
5997,166
6000,334
6003,1088
6007,485
6040,381
6041,331
6043,447
6045,141
6046,143
6047,172
6048,843
6049,149
6051,180
6052,732
6053,1202
6054,81
6056,76
6058,236
6059,536
6060,295
6063,175
6064,219
6066,942
6074,246
6075,240
6076,212
6077,95
6079,398
6083,343
6084,1429
6087,115
6089,510
6091,242
6092,537
6106,708
6107,707
6112,241
6127,163
6136,86
6139,914
6141,98
6142,21
6143,252
6144,237
6146,38
6147,579
6151,232
6153,469
6155,85
6156,260
6157,328
6166,371
6167,164
6168,297
6169,556
6170,145
6171,186
6172,494
6173,162
6174,161
6175,522
6189,374
6192,1484
6193,354
6195,232
6197,166
6199,233
6200,232
6201,231
6247,211
6249,747
6253,137
6255,316
6257,888
6258,724
6260,594
6261,332
6262,367
6263,370
6265,278
6266,288
6269,382
6270,46
6271,255
6272,574
6273,437
6274,34
6275,422
6276,237
6278,690
6282,457
6283,345
6284,135
6286,2438
6288,175
6289,215
6290,408
6291,240
6292,455
6293,111
6294,80
6295,149
6297,200
6299,102
6300,135
6301,255
6311,82
6313,228
6318,854
6319,348
6320,108
6337,126
6340,207
6341,334
6347,216
6348,277
6350,12
6353,237
6355,230
6356,303
6357,368
6358,1163
6359,64
6360,52
6361,224
6362,226
6363,335
6378,243
6379,1321
6382,484
6385,169
6386,160
6387,404
6388,171
6389,123
6390,590
6408,616
6409,302
6410,166
6411,165
6447,121
6449,228
6450,216
6451,245
6452,217
6460,74
6461,110
6462,850
6467,71
6468,430
6469,233
6470,0
6473,215
6474,280
6475,709
6476,368
6477,166
6478,681
6479,144
6483,580
6485,46
6487,106
6488,429
6489,387
6492,173
6493,430
6494,342
6498,54
6503,105
6504,135
6505,83
6506,142
6507,64
6509,474
6514,139
6515,221
6516,217
6517,56
6519,275
6520,690
6521,122
6522,134
6525,87
6526,751
6527,97
6528,850
6529,253
6533,331
6539,257
6540,391
6546,302
6549,50
6551,268
6553,273
6554,83
6558,827
6559,196
6560,241
6561,171
6564,313
6566,400
6567,618
6568,238
6570,189
6571,693
6574,731
6575,488
6576,545
6592,243
6593,276
6595,646
6600,236
6601,266
6602,326
6603,462
6604,268
6605,178
6619,354
6620,164
6621,726
6667,222
6668,202
6670,8285
6671,190
6672,359
6673,367
6674,205
6676,29
6677,488
6678,487
6681,172
6683,198
6684,258
6686,805
6690,422
6691,121
6694,30
6696,158
6702,211
6703,64
6704,740
6705,2465
6706,1636
6707,364
6708,599
6709,482
6710,434
6720,344
6721,118
6727,173
6730,315
6731,746
6732,266
6733,541
6734,119
6735,177
6738,541
6739,318
6740,251
6741,291
6742,273
6743,183
6744,228
6745,364
6747,168
6751,164
6755,1267
6763,300
6764,361
6768,348
6770,489
6771,234
6779,602
6780,422
6781,37
6782,63
6784,30
6786,411
6787,42
6790,145
6792,301
6794,232
6806,308
6814,273
6816,93
6817,115
6818,474
6819,170
6833,582
6839,477
6884,188
6889,244
6890,277
6891,242
6893,1086
6894,181
6895,294
6896,1310
6898,0
6899,242
6900,666
6901,86
6905,499
6906,647
6909,245
6916,414
6917,958
6920,355
6921,112
6922,451
6923,261
6932,89
6934,185
6935,203
6936,301
6937,186
6938,119
6939,131
6941,298
6945,127
6946,344
6947,179
6948,359
6949,366
6953,365
6954,75
6955,384
6956,172
6957,284
6958,331
6959,458
6964,39
6966,700
6976,51
6977,86
6979,494
6982,24
6985,229
6986,196
6988,489
6993,686
6994,342
6996,411
6997,163
6998,9
7002,28
7005,150
7006,300
7030,203
7031,152
7032,284
7033,277
7034,341
7048,531
7050,234
7051,214
7052,492
7054,274
7088,335
7089,229
7090,616
7099,901
7100,265
7101,383
7103,329
7104,277
7105,991
7107,681
7108,449
7112,34
7113,200
7114,720
7115,202
7118,531
7119,169
7120,168
7121,485
7122,494
7124,214
7125,592
7129,230
7130,194
7131,255
7134,328
7138,83
7139,171
7140,67
7141,335
7147,231
7149,379
7150,285
7151,238
7152,392
7153,340
7158,203
7159,349
7160,345
7161,210
7162,401
7163,403
7166,209
7167,396
7168,321
7174,129
7179,98
7181,352
7187,2236
7190,684
7191,91
7199,142
7200,474
7202,189
7204,471
7206,505
7208,135
7209,401
7210,352
7211,463
7216,275
7217,326
7244,99
7246,171
7247,352
7248,443
7249,272
7261,219
7264,656
7265,213
7267,619
7268,215
7271,220
7272,169
7275,111
7303,384
7305,657
7311,528
7312,220
7313,587
7314,760
7315,820
7319,75
7320,1279
7321,145
7322,177
7323,318
7324,405
7326,664
7327,117
7328,92
7330,1766
7331,680
7333,300
7334,366
7335,310
7340,88
7346,351
7353,49
7355,100
7359,160
7360,178
7367,187
7372,233
7373,367
7374,154
7375,269
7376,325
7377,157
7378,61
7380,152
7382,58
7386,190
7391,10
7394,55
7395,27
7400,592
7405,141
7412,107
7413,359
7414,360
7415,497
7419,179
7420,579
7421,350
7422,66
7450,744
7451,1712
7457,121
7458,230
7459,173
7460,212
7461,162
7462,360
7464,273
7474,176
7475,556
7476,171
7477,276
7480,134
7481,468
7482,2276
7483,247
7484,717
7485,561
7486,211
7487,673
7489,157
7518,889
7519,652
7520,653
7525,887
7530,65
7532,1745
7534,65
7535,1068
7536,77
7537,57
7540,745
7543,996
7544,565
7549,197
7550,121
7551,417
7553,627
7554,266
7556,559
7564,149
7572,372
7574,336
7575,116
7576,33
7578,144
7579,396
7586,20
7587,148
7588,10
7591,55
7592,37
7593,153
7594,878
7600,48
7601,217
7604,145
7605,293
7606,168
7607,159
7608,595
7609,154
7610,485
7614,529
7615,564
7617,276
7618,419
7623,165
7625,338
7626,98
7627,276
7628,351
7629,345
7630,189
7631,643
7632,169
7633,167
7634,168
7635,285
7636,136
7637,28
7638,905
7640,369
7672,694
7673,156
7675,477
7676,335
7677,417
7678,591
7688,233
7689,236
7691,232
7699,232
7700,782
7701,622
7702,274
7713,392
7714,136
7715,242
7734,515
7735,756
7736,557
7739,471
7740,300
7745,108
7746,108
7747,160
7750,174
7753,394
7755,1419
7756,994
7757,817
7763,526
7764,159
7765,95
7766,647
7767,505
7768,288
7769,371
7770,787
7772,299
7773,415
7774,294
7776,90
7777,39
7778,705
7782,490
7783,353
7785,213
7786,140
7787,42
7788,97
7789,40
7790,208
7791,214
7792,83
7795,156
7796,446
7797,87
7801,93
7802,47
7807,429
7810,385
7813,32
7814,215
7815,297
7818,210
7819,172
7820,71
7821,655
7822,375
7823,92
7826,649
7827,374
7828,44
7829,613
7831,889
7832,163
7834,203
7835,112
7836,221
7840,306
7841,281
7842,65
7843,58
7844,106
7845,381
7848,331
7849,283
7854,225
7856,861
7874,102
7876,335
7878,1462
7879,489
7880,995
7887,222
7888,105
7889,470
7890,343
7891,346
7892,233
7903,481
7904,234
7905,426
7906,435
7908,410
7909,171
7910,166
7911,172
7912,170
7913,210
7914,600
7915,160
7916,170
7917,232
7927,341
7928,588
7929,170
7936,559
7937,304
7940,147
7941,102
7948,390
7949,307
7952,546
7954,233
7956,337
7959,261
7961,366
7962,173
7971,288
7978,420
7979,467
7982,275
7983,763
7984,364
7985,728
7986,172
7987,1155
7988,439
7989,215
7990,55
7991,129
7995,97
7996,28
7997,356
7998,638
8003,158
8004,429
8005,347
8006,138
8023,634
8024,240
8028,212
8031,217
8032,646
8033,209
8034,211
8036,41
8037,343
8038,421
8039,231
8040,1139
8041,219
8042,301
8043,126
8046,457
8048,34
8049,377
8053,503
8054,234
8056,93
8057,261
8058,367
8059,309
8086,237
8089,589
8090,162
8091,328
8092,862
8093,354
8099,179
8100,381
8101,649
8104,239
8105,219
8106,596
8117,168
8118,475
8120,541
8121,1104
8122,272
8123,393
8124,168
8125,643
8126,363
8127,431
8128,399
8129,396
8130,234
8140,572
8141,170
8142,409
8149,243
8155,220
8159,781
8167,510
8168,586
8169,349
8174,412
8175,153
8176,340
8182,553
8191,226
8192,560
8193,392
8194,644
8195,71
8196,195
8197,458
8198,165
8199,492
8200,461
8201,278
8202,622
8203,581
8208,934
8209,719
8210,4
8211,56
8212,24
8213,472
8214,459
8216,614
8217,143
8218,175
8227,357
8228,230
8229,182
8237,370
8238,207
8245,275
8246,280
8247,103
8248,473
8249,693
8250,624
8252,0
8253,861
8254,502
8255,346
8257,166
8259,363
8260,228
8261,222
8264,8
8274,80
8281,301
8300,74
8301,280
8311,179
8314,148
8316,724
8317,620
8319,237
8320,238
8332,242
8333,484
8338,256
8339,245
8342,166
8343,171
8344,405
8345,218
8354,172
8355,331
8356,359
8359,213
8360,211
8361,383
8363,412
8365,1558
8366,640
8367,1473
8379,163
8380,187
8381,38
8382,183
8383,1049
8384,546
8389,329
8390,168
8391,340
8399,25
8404,433
8405,348
8406,167
8407,484
8408,251
8409,214
8410,208
8411,566
8412,440
8413,389
8414,72
8415,434
8417,303
8422,365
8423,188
8425,791
8426,647
8431,167
8432,222
8433,370
8442,70
8452,124
8453,400
8454,468
8455,452
8459,221
8461,108
8462,388
8464,109
8465,389
8466,716
8467,143
8468,265
8469,345
8471,148
8473,284
8477,201
8478,22
8481,42
8489,280
8499,3678
8510,45
8526,142
8529,236
8530,712
8532,302
8533,300
8534,306
8548,236
8549,241
8550,302
8551,715
8553,439
8554,167
8557,250
8558,244
8559,163
8567,234
8568,156
8569,342
8570,183
8571,148
8572,368
8573,266
8574,161
8577,174
8579,1397
8581,760
8582,287
8584,199
8585,1517
8587,155
8592,164
8593,376
8594,153
8601,919
8602,155
8603,389
8604,519
8616,317
8619,295
8623,0
8624,371
8625,769
8627,119
8628,441
8629,459
8630,319
8632,0
8634,867
8642,223
8645,351
8646,208
8662,417
8664,245
8665,97
8666,75
8668,174
8669,213
8673,896
8674,487
8677,655
8678,238
8680,279
8681,463
8685,295
8686,186
8689,539
8718,500
8719,850
8723,307
8732,1449
8733,259
8736,524
8743,424
8744,300
8745,149
8746,243
8748,499
8762,376
8763,343
8764,260
8768,106
8772,220
8773,167
8781,348
8782,172
8783,371
8784,182
8786,726
8787,147
8788,370
8790,230
8796,242
8797,566
8798,350
8803,961
8806,772
8807,173
8809,292
8810,284
8813,415
8815,143
8816,389
8817,379
8824,61
8831,417
8833,26
8834,496
8838,73
8839,284
8841,192
8842,373
8848,340
8849,291
8852,158
8854,102
8855,629
8856,758
8857,215
8878,445
8881,587
8885,215
8886,518
8889,259
8892,107
8893,539
8894,185
8896,360
8897,300
8898,357
8899,815
8900,388
8901,260
8902,1239
8935,1120
8937,144
8939,900
8950,173
8960,593
8977,264
8978,89
8979,403
8983,837
8984,638
8987,167
8996,235
8997,175
8998,342
8999,231
9000,167
9001,302
9002,890
9009,0
9011,405
9012,350
9013,822
9015,444
9016,286
9019,149
9020,561
9023,735
9024,172
9028,106
9030,84
9031,246
9033,288
9034,149
9037,88
9038,231
9040,2060
9045,49
9047,71
9048,121
9050,1835
9051,0
9052,159
9053,164
9054,387
9056,122
9058,463
9059,238
9062,671
9063,70
9065,339
9066,228
9068,485
9071,748
9072,223
9090,95
9091,408
9093,30
9094,130
9095,202
9097,59
9098,123
9099,539
9100,126
9101,714
9102,159
9103,170
9104,71
9105,274
9109,1034
9110,31
9111,136
9112,151
9113,83
9114,405
9115,212
9116,630
9117,320
9118,28
9143,137
9152,52
9160,959
9165,193
9166,263
9170,521
9171,816
9172,1022
9173,541
9175,230
9176,224
9199,2631
9210,773
9211,753
9212,168
9213,173
9215,911
9220,3825
9222,1523
9223,358
9224,272
9225,238
9226,402
9227,430
9229,216
9230,377
9231,379
9232,475
9234,194
9236,442
9240,159
9242,73
9246,189
9247,511
9248,253
9252,133
9258,44
9261,23
9265,343
9267,485
9268,87
9269,0
9270,217
9271,351
9274,218
9276,463
9278,466
9279,604
9280,233
9285,485
9297,485
9306,485
9307,238
9308,142
9309,234
9312,91
9313,105
9314,312
9315,278
9320,475
9322,97
9323,341
9324,375
9325,489
9329,933
9330,126
9355,169
9357,705
9358,138
9360,199
9369,1152
9370,1316
9373,450
9374,577
9376,869
9383,689
9385,418
9386,233
9387,182
9389,223
9390,74
9425,411
9428,411
9429,1003
9430,163
9434,547
9435,264
9436,269
9437,142
9438,235
9439,351
9440,741
9441,345
9443,759
9444,701
9446,240
9447,253
9449,234
9454,111
9455,76
9456,494
9462,240
9469,155
9473,675
9474,194
9476,261
9477,485
9478,335
9480,341
9482,27
9483,263
9485,149
9487,77
9490,121
9491,122
9494,125
9500,216
9521,49
9524,428
9525,181
9526,75
9530,189
9532,188
9533,102
9534,302
9536,2288
9537,289
9538,296
9539,249
9540,436
9541,509
9544,132
9566,344
9568,172
9569,128
9570,352
9571,355
9572,186
9575,507
9577,1202
9585,553
9598,577
9600,647
9601,230
9602,231
9604,137
9638,1864
9639,244
9641,244
9651,1031
9652,0
9653,236
9669,366
9670,363
9671,1234
9683,242
9689,466
9691,64
9692,60
9693,475
9694,121
9695,129
9696,0
9697,430
9699,487
9700,353
9701,880
9703,258
9705,103
9718,2559
9734,751
9736,290
9738,124
9739,110
9740,33
9742,71
9745,39
9746,407
9750,84
9751,128
9752,340
9753,137
9754,237
9758,460
9770,173
9780,705
9781,1046
9782,333
9783,354
9788,50
9789,163
9798,385
9802,178
9813,115
9816,522
9817,144
9841,264
9850,246
9852,325
9861,974
9882,412
9883,1054
9885,366
9896,55
9897,871
9899,1425
9900,105
9902,272
9903,178
9904,284
9905,81
9906,88
9907,152
9908,232
9910,119
9911,887
9912,21
9913,839
9914,354
9918,61
9920,173
9923,60
9953,223
9956,104
9960,163
9962,287
9964,41
9966,586
9970,546
9972,398
9981,599
9983,234
9985,333
9993,853
9994,158
9995,503
10013,179
10035,165
10063,416
10067,272
10074,227
10075,271
10108,166
10110,146
10111,296
10113,158
10114,511
10116,118
10120,174
10121,452
10122,95
10123,134
10124,389
10127,123
10130,237
10131,935
10133,365
10135,174
10136,934
10167,1724
10168,1003
10170,91
10171,162
10172,115
10175,633
10176,210
10181,180
10184,99
10185,469
10186,1035
10188,1082
10196,64
10197,339
10198,117
10206,588
10235,3795
10239,0
10242,773
10253,284
10255,114
10277,452
10278,133
10281,409
10282,110
10287,218
10325,488
10327,299
10328,791
10329,768
10331,612
10332,96
10333,297
10334,717
10335,140
10336,582
10337,611
10339,618
10341,12
10342,189
10343,137
10350,219
10383,23
10384,325
10387,119
10388,302
10389,61
10397,83
10398,645
10404,63
10405,201
10453,187
10454,517
10456,877
10457,850
10493,168
10494,165
10495,323
10496,332
10497,164
10532,1091
10536,1592
10538,232
10539,648
10547,111
10590,104
10599,181
10600,219
10602,530
10604,334
10610,263
10612,766
10619,372
10620,486
10632,48
10635,543
10637,140
10670,680
10671,843
10673,812
10733,1149
10748,871
10749,386
10750,148
10751,482
10752,59
10753,293
10757,610
10760,469
10761,158
10762,365
10764,359
10767,290
10768,140
10769,130
10770,258
10776,119
10814,96
10818,397
10834,561
10847,73
10848,153
10849,344
10851,355
10852,703
10853,340
10854,693
10885,392
10886,563
10888,302
10889,351
10890,1033
10946,270
10947,3153
10953,1696
10955,519
10956,771
10962,1742
10963,162
10964,64
10966,114
10967,1077
10969,134
10970,359
10971,89
10972,199
10975,275
10978,1188
10979,563
10980,315
10981,533
10982,1066
10983,381
10984,659
10990,706
10991,196
10992,70
11030,54
11032,214
11062,136
11063,234
11099,380
11100,591
11101,317
11104,240
11157,510
11159,730
11165,247
11167,520
11168,686
11169,493
11171,866
11175,1215
11176,169
11177,960
11179,228
11184,578
11185,369
11186,240
11187,120
11188,300
11189,305
11190,217
11192,240
11193,507
11194,542
11195,484
11196,196
11197,233
11198,400
11207,101
11249,226
11252,382
11254,877
11255,120
11257,432
11258,433
11260,487
11261,445
11278,282
11314,681
11316,265
11317,445
11319,224
11320,421
11364,283
11368,609
11373,455
11374,825
11377,318
11378,0
11380,316
11382,822
11385,1481
11392,562
11393,43
11397,188
11400,917
11401,391
11402,327
11403,382
11405,169
11407,135
11408,830
11409,106
11410,190
11411,1226
11412,219
11417,364
11418,148
11422,185
11423,142
11451,17
11456,657
11458,4241
11460,171
11462,240
11463,245
11469,148
11474,369
11475,176
11489,47
11503,1604
11514,66
11516,532
11517,232
11529,284
11530,369
11533,722
11580,551
11584,846
11586,870
11593,335
11594,322
11603,559
11612,156
11613,39
11614,387
11615,819
11616,139
11617,179
11618,300
11620,519
11621,638
11623,600
11624,289
11625,240
11628,121
11629,149
11634,62
11635,113
11656,153
11661,302
11670,1654
11672,343
11680,171
11682,308
11684,602
11687,323
11689,181
11690,338
11701,494
11728,108
11729,710
11730,354
11731,170
11790,1528
11793,895
11796,574
11797,598
11799,792
11804,773
11805,147
11807,686
11809,311
11810,203
11811,800
11819,1201
11822,274
11827,274
11829,294
11831,309
11832,120
11833,1147
11834,389
11836,705
11837,91
11838,347
11839,186
11841,111
11842,279
11849,79
11866,114
11875,158
11876,54
11883,1161
11886,101
11887,282
11892,275
11898,33
11899,57
11900,358
11901,236
11907,161
11913,318
11914,316
11916,467
11917,272
11918,1063
11921,580
11924,63
11925,68
11943,419
11944,485
11945,352
11960,712
11961,623
11962,674
12003,775
12004,369
12006,663
12010,651
12012,635
12013,508
12015,46
12019,1233
12033,849
12035,146
12036,383
12037,310
12042,411
12043,275
12044,420
12045,606
12046,105
12047,47
12048,161
12049,255
12050,1276
12051,275
12052,165
12053,534
12056,28
12070,152
12081,134
12082,60
12083,240
12084,18
12091,146
12094,268
12107,100
12108,635
12113,205
12114,51
12115,80
12117,26
12120,85
12128,718
12130,595
12132,731
12134,370
12135,145
12136,375
12137,103
12140,243
12141,243
12157,521
12159,1019
12160,434
12173,700
12176,417
12214,2184
12216,353
12217,924
12219,476
12221,172
12222,703
12229,296
12230,117
12231,327
12247,359
12248,281
12249,362
12252,607
12255,75
12256,228
12257,164
12258,258
12259,150
12260,754
12261,732
12262,105
12263,427
12266,40
12268,30
12271,90
12292,1940
12294,100
12296,185
12297,159
12298,230
12300,245
12301,148
12302,219
12308,635
12309,257
12313,620
12320,32
12321,398
12325,101
12328,389
12329,451
12331,297
12338,619
12340,389
12343,1837
12345,586
12347,515
12348,113
12349,766
12352,1293
12353,548
12354,589
12355,727
12356,202
12371,232
12372,230
12373,186
12374,164
12390,332
12424,2988
12426,422
12427,158
12428,424
12429,423
12430,246
12431,182
12432,364
12433,591
12434,146
12459,378
12460,294
12461,229
12462,1771
12464,2341
12468,384
12470,74
12471,597
12473,96
12474,429
12476,121
12481,224
12484,1141
12485,720
12486,520
12487,168
12511,81
12513,86
12515,463
12516,679
12518,341
12519,490
12522,288
12523,284
12529,436
12532,1136
12540,162
12543,106
12545,799
12546,325
12547,191
12549,223
12550,246
12551,468
12554,108
12556,352
12558,602
12561,158
12563,419
12566,969
12568,242
12570,723
12571,202
12603,600
12641,230
12642,610
12643,203
12644,173
12645,169
12646,297
12647,294
12648,573
12649,599
12672,1328
12673,80
12674,720
12676,104
12678,904
12680,274
12682,672
12684,212
12685,397
12686,993
12687,261
12689,169
12690,404
12692,253
12693,1054
12695,312
12696,38
12697,524
12698,872
12699,112
12713,345
12715,46
12716,207
12718,639
12719,99
12720,148
12721,48
12724,136
12725,157
12729,158
12730,362
12731,2109
12732,92
12733,370
12735,165
12745,514
12746,355
12757,47
12758,172
12759,167
12760,793
12762,177
12763,120
12764,283
12765,620
12766,262
12767,1752
12768,108
12769,106
12770,165
12771,605
12773,562
12778,752
12779,990
12780,485
12782,965
12786,968
12851,1427
12854,953
12856,214
12857,391
12858,387
12860,509
12864,974
12884,613
12887,1083
12888,293
12889,224
12890,311
12891,1033
12892,904
12893,164
12894,117
12896,74
12897,560
12898,39
12899,298
12900,391
12901,29
12902,337
12903,224
12905,50
12906,212
12907,184
12908,54
12911,472
12912,637
12913,360
12915,176
12926,733
12927,304
12933,746
12934,625
12937,104
12941,600
12942,598
12946,177
12947,173
12948,51
12951,1265
12953,340
12957,1188
12958,1259
12961,901
12967,85
12976,633
12977,545
12983,354
12984,616
12987,320
12988,1359
12995,1357
12998,1159
13048,314
13063,1896
13067,167
13069,439
13072,358
13075,1083
13076,252
13077,827
13092,605
13099,667
13101,885
13102,159
13103,182
13105,201
13106,262
13107,121
13108,350
13109,250
13111,1189
13114,187
13115,563
13116,590
13117,126
13118,923
13119,178
13120,187
13121,1424
13127,322
13128,234
13129,379
13130,389
13131,206
13143,400
13149,356
13151,855
13152,629
13155,135
13156,387
13157,45
13158,74
13159,85
13160,179
13165,90
13168,1425
13173,131
13174,809
13175,409
13183,1037
13185,152
13186,236
13187,1548
13190,339
13192,678
13194,136
13197,623
13199,300
13200,552
13205,1060
13206,776
13208,955
13210,592
13211,521
13212,837
13214,836
13231,108
13232,66
13265,84
13277,788
13278,618
13280,450
13285,1434
13287,526
13304,138
13305,364
13310,833
13312,154
13314,138
13315,284
13317,466
13319,503
13320,250
13322,327
13323,294
13332,246
13335,496
13337,559
13338,61
13340,230
13341,815
13342,1592
13344,232
13350,247
13353,219
13357,92
13358,87
13363,564
13365,64
13366,134
13367,213
13368,520
13369,339
13371,164
13372,336
13373,149
13376,1035
13383,615
13387,841
13388,426
13392,730
13396,300
13399,162
13400,159
13403,150
13405,432
13408,1047
13409,1726
13413,381
13414,371
13415,523
13417,692
13419,1157
13420,282
13422,457
13424,623
13427,706
13428,710
13430,205
13431,284
13444,323
13445,166
13446,684
13483,821
13492,315
13496,674
13517,1942
13523,130
13526,185
13529,117
13531,608
13532,193
13533,511
13534,395
13541,1014
13546,381
13547,168
13548,259
13549,485
13550,265
13552,931
13553,66
13554,45
13555,651
13566,1378
13568,344
13569,150
13573,144
13578,85
13579,267
13581,353
13586,30
13587,396
13594,206
13595,74
13597,1350
13603,102
13605,237
13606,425
13617,183
13626,215
13627,613
13629,676
13630,480
13631,232
13632,231
13633,243
13634,243
13635,243
13638,1510
13640,461
13643,1168
13645,284
13646,285
13653,458
13657,624
13659,212
13660,167
13661,334
13662,80
13663,485
13688,171
13689,325
13690,196
13691,105
13697,230
13698,364
13700,358
13731,319
13736,518
13737,238
13740,958
13741,288
13742,234
13751,83
13752,178
13753,178
13754,668
13759,108
13761,43
13782,92
13783,157
13784,124
13790,203
13792,12
13795,176
13796,186
13797,86
13798,1157
13800,354
13801,384
13802,119
13805,172
13808,692
13812,1063
13817,1705
13818,515
13819,249
13823,263
13825,308
13831,1950
13839,485
13840,266
13841,276
13842,357
13844,534
13847,355
13849,243
13850,231
13851,166
13852,333
13853,165
13859,1657
13869,231
13870,242
13872,334
13873,293
13875,633
13876,681
13902,292
13911,251
13951,992
13953,974
13962,539
13963,219
13971,30
13972,224
13973,102
13974,130
13981,344
13993,1742
13995,382
13996,73
13997,1288
13999,2154
14000,34
14008,71
14010,104
14011,704
14012,143
14015,267
14018,360
14019,94
14020,281
14023,126
14033,896
14035,265
14036,1384
14037,373
14038,514
14039,381
14040,172
14041,464
14047,1237
14049,75
14052,366
14054,615
14057,1499
14059,514
14060,927
14062,367
14063,407
14066,293
14067,311
14069,807
14070,62
14071,62
14088,171
14116,227
14179,1693
14182,159
14183,370
14207,858
14208,83
14210,293
14211,268
14212,475
14213,213
14216,29
14223,760
14224,215
14225,105
14226,129
14227,348
14229,184
14230,33
14232,1088
14233,555
14234,268
14238,157
14245,361
14246,911
14248,225
14249,450
14250,735
14253,894
14255,424
14257,360
14263,1939
14264,648
14266,429
14269,1415
14271,478
14272,565
14273,273
14274,1152
14275,483
14278,518
14279,0
14280,240
14281,179
14292,231
14293,476
14298,181
14373,223
14374,253
14376,515
14398,276
14404,251
14405,393
14419,1234
14420,174
14423,252
14425,416
14426,121
14428,2612
14430,616
14433,90
14434,939
14435,25
14437,94
14442,301
14443,343
14445,227
14446,113
14447,274
14449,374
14460,626
14462,539
14464,998
14470,584
14475,1180
14480,484
14482,716
14484,355
14485,475
14488,283
14489,578
14490,68
14491,302
14492,733
14494,231
14509,244
14512,168
14513,210
14515,453
14516,227
14558,232
14560,243
14561,493
14562,512
14592,3407
14603,105
14607,414
14608,297
14609,504
14610,852
14614,151
14616,330
14618,342
14637,475
14638,184
14644,363
14645,124
14646,485
14649,100
14650,359
14652,682
14653,185
14655,280
14656,60
14658,336
14662,321
14663,164
14664,892
14680,872
14683,449
14685,161
14686,372
14695,1818
14696,231
14697,234
14698,293
14700,308
14705,462
14707,359
14723,197
14728,608
14731,1325
14732,344
14734,229
14739,387
14740,359
14741,632
14742,165
14743,225
14744,714
14745,172
14746,335
14768,485
14769,242
14772,1296
14775,242
14776,280
14818,562
14819,710
14821,399
14822,386
14824,341
14826,383
14829,555
14831,628
14847,160
14848,637
14851,162
14852,465
14853,255
14856,1599
14864,98
14865,254
14867,272
14868,138
14869,244
14870,171
14872,163
14873,332
14877,323
14878,343
14898,482
14899,86
14900,162
14908,166
14909,167
14910,145
14912,416
14913,287
14914,475
14917,377
14918,131
14944,225
14945,227
14948,231
14949,177
14950,165
14951,226
14952,190
14954,388
14955,83
14957,160
14958,102
14959,104
14960,165
14982,782
14983,243
14988,594
15016,473
15030,201
15031,660
15032,230
15033,174
15034,605
15035,168
15036,225
15037,174
15040,481
15041,120
15042,597
15044,382
15059,439
15061,288
15062,930
15068,64
15074,288
15075,469
15076,365
15079,237
15081,338
15082,1006
15083,159
15084,610
15086,335
15112,614
15113,1962
15119,819
15121,2014
15125,406
15126,173
15128,476
15134,188
15162,275
15163,184
15164,269
15165,169
15166,233
15167,222
15168,231
15169,485
15170,234
15172,224
15173,148
15193,109
15196,569
15223,178
15224,242
15225,294
15228,146
15232,711
15236,3468
15237,169
15239,2433
15240,395
15244,822
15245,368
15246,235
15247,687
15248,175
15252,150
15253,336
15255,265
15257,513
15283,494
15292,340
15293,246
15294,176
15296,452
15297,317
15298,365
15307,232
15309,297
15322,413
15332,568
15333,545
15334,960
15337,279
15338,167
15339,166
15340,162
15341,360
15345,129
15381,830
15383,242
15385,400
15386,460
15387,192
15396,9651
15436,320
15437,573
15443,1158
15444,152
15445,940
15451,266
15459,537
15464,271
15467,340
15471,551
15506,245
15511,53
15523,22
15528,165
15529,279
15544,1661
15546,697
15549,262
15551,2022
15553,167
15554,331
15556,164
15558,937
15559,266
15598,230
15600,243
15603,117
15625,432
15626,463
15628,483
15653,643
15658,544
15677,192
15678,188
15679,649
15707,1515
15710,162
15711,107
15712,160
15715,507
15717,32
15724,376
15726,189
15727,485
15728,280
15729,288
15730,533
15731,253
15757,823
15759,819
15761,406
15762,760
15763,166
15764,445
15765,1026
15767,190
15769,172
15770,335
15773,156
15815,248
15836,2777
15837,270
15842,936
15868,2562
15870,225
15871,342
15872,471
15874,535
15882,1229
15890,876
15925,106
15929,990
15933,97
15934,166
15935,199
15938,179
15939,188
15940,104
15941,623
15942,297
15943,231
15957,93
15958,165
15959,1018
15974,409
15975,355
15976,199
15977,237
15978,417
15979,481
15984,111
15987,485
16028,166
16029,165
16050,961
16051,171
16053,1279
16082,485
16084,283
16087,214
16088,398
16089,172
16096,1235
16099,1126
16102,411
16103,507
16104,187
16106,399
16128,901
16130,474
16131,154
16136,233
16144,684
16147,284
16153,317
16154,616
16156,687
16157,428
16158,163
16170,96
16180,349
16182,530
16185,442
16188,457
16189,157
16190,712
16191,267
16193,203
16196,485
16197,764
16264,303
16293,111
16297,217
16298,78
16300,456
16301,335
16302,534
16303,437
16304,265
16305,182
16306,186
16308,189
16310,2805
16312,1561
16313,421
16315,334
16317,188
16341,430
16342,674
16343,391
16349,153
16356,578
16358,212
16359,171
16360,518
16367,237
16368,170
16369,889
16370,369
16388,128
16394,111
16397,1054
16399,340
16400,268
16401,382
16402,226
16403,227
16404,453
16405,208
16411,765
16477,1768
16479,582
16507,561
16508,182
16512,253
16513,283
16516,381
16517,422
16518,419
16520,880
16521,528
16522,423
16523,241
16524,233
16525,509
16526,411
16527,513
16536,0
16537,1703
16558,2900
16560,356
16570,568
16575,480
16576,117
16581,729
16583,222
16586,88
16609,409
16611,528
16619,188
16620,223
16721,563
16725,280
16726,580
16728,270
16729,181
16730,286
16731,440
16732,302
16733,252
16735,834
16736,415
16737,231
16738,500
16740,493
16742,385
16744,395
16745,794
16746,895
16749,396
16750,461
16767,26
16770,782
16771,171
16774,323
16787,463
16788,338
16789,136
16790,249
16791,225
16792,608
16793,609
16794,344
16795,167
16807,34
16810,401
16811,315
16823,407
16825,1011
16827,344
16836,525
16935,771
16941,298
16944,208
16945,166
16946,761
16947,722
16948,724
16949,188
16951,675
16953,485
16955,379
16960,1203
16961,2033
16978,1048
16982,154
16983,171
16984,171
16985,76
16986,696
16987,354
16988,214
16990,3783
16997,693
16998,551
17000,273
17002,1031
17005,482
17007,154
17024,115
17036,175
17037,240
17039,172
17040,326
17041,430
17044,226
17045,809
17047,391
17048,971
17050,334
17051,192
17100,103
17101,197
17114,2962
17155,542
17158,402
17161,830
17162,217
17163,433
17165,1167
17168,1376
17169,562
17173,762
17194,295
17195,294
17197,141
17198,80
17200,440
17202,69
17207,1042
17208,241
17209,209
17210,676
17211,382
17212,648
17214,692
17215,596
17216,338
17217,291
17226,164
17245,262
17250,623
17252,413
17253,266
17255,166
17256,338
17315,156
17324,349
17327,1705
17330,351
17372,556
17375,543
17376,1007
17382,928
17386,809
17387,757
17388,374
17402,522
17410,236
17421,207
17422,297
17429,168
17431,243
17440,131
17455,316
17456,483
17464,617
17465,174
17466,258
17467,438
17531,220
17538,472
17541,1236
17591,382
17592,1300
17595,2677
17598,826
17600,1191
17614,516
17623,544
17624,382
17625,80
17627,521
17633,1036
17634,342
17635,223
17637,158
17644,577
17647,841
17667,320
17668,374
17678,172
17679,443
17681,237
17682,216
17690,1124
17692,812
17749,384
17750,232
17751,229
17753,155
17754,476
17755,477
17756,477
17757,477
17758,474
17805,541
17806,541
17812,598
17814,532
17827,389
17829,351
17830,362
17836,534
17841,178
17849,190
17850,231
17854,310
17856,1199
17857,288
17861,530
17862,98
17864,173
17865,173
17866,357
17869,345
17877,224
17878,444
17881,449
17893,359
17895,759
17899,635
17901,661
17903,228
17907,1100
17963,614
17965,477
17966,477
17967,1181
17972,409
17973,477
18021,172
18022,173
18023,539
18026,585
18040,380
18042,822
18043,401
18054,356
18057,230
18063,253
18064,470
18065,536
18066,269
18067,412
18068,174
18069,182
18070,448
18072,171
18075,174
18077,630
18078,838
18080,404
18082,149
18091,328
18106,617
18107,568
18109,157
18110,159
18111,426
18112,666
18115,256
18117,173
18120,865
18121,339
18122,767
18176,616
18179,243
18237,796
18239,540
18252,466
18269,336
18271,328
18272,559
18273,130
18274,293
18277,631
18280,433
18281,547
18282,378
18283,561
18320,332
18321,242
18322,175
18323,143
18324,174
18325,241
18337,426
18390,242
18392,1200
18396,244
18397,622
18404,1773
18448,275
18465,350
18470,261
18481,155
18482,172
18483,171
18484,380
18485,62
18486,179
18487,205
18488,134
18491,239
18494,364
18495,376
18535,180
18536,513
18537,378
18539,1069
18551,1387
18604,863
18605,477
18609,790
18610,530
18612,1187
18615,1683
18617,1279
18678,280
18682,727
18684,201
18685,197
18687,171
18694,136
18695,578
18696,165
18697,401
18699,647
18700,73
18702,297
18705,346
18709,43
18711,882
18731,196
18732,172
18748,352
18749,243
18750,448
18751,173
18758,484
18762,5435
18763,431
18766,1059
18818,354
18820,1244
18821,333
18822,1060
18824,366
18825,268
18826,367
18831,243
18867,1265
18891,384
18899,373
18901,170
18908,161
18909,163
18910,167
18911,350
18912,234
18913,489
18914,313
18918,446
18921,467
18945,344
18949,502
18962,360
18963,376
18965,356
18969,847
18971,364
18972,145
18974,790
18976,167
18978,588
19033,346
19039,687
19045,240
19094,889
19111,120
19113,645
19114,171
19115,172
19124,166
19125,140
19126,236
19127,389
19128,98
19129,142
19130,144
19131,688
19133,730
19135,689
19136,338
19157,174
19158,172
19162,233
19164,0
19176,338
19182,320
19184,1135
19187,479
19188,254
19189,468
19247,638
19248,445
19251,695
19252,243
19317,1432
19318,459
19328,172
19329,162
19330,1423
19336,1102
19338,8537
19344,1142
19345,413
19347,578
19349,240
19350,199
19369,165
19370,172
19371,227
19372,594
19373,137
19374,937
19375,231
19376,182
19389,339
19391,121
19395,553
19398,1579
19463,749
19464,225
19465,230
19466,105
19467,226
19468,229
19469,345
19472,596
19521,957
19528,733
19534,475
19537,955
19542,364
19545,564
19547,149
19548,559
19549,158
19550,108
19559,170
19560,319
19562,26
19563,663
19584,448
19587,393
19588,324
19604,1982
19624,570
19626,245
19676,130
19677,423
19678,103
19679,6
19680,308
19682,469
19739,159
19745,1280
19749,2675
19758,429
19759,368
19760,354
19762,162
19763,163
19764,187
19765,180
19768,455
19769,271
19770,287
19771,519
19773,660
19774,414
19775,306
19776,125
19777,167
19779,3346
19798,332
19801,475
19803,327
19817,615
19824,607
19828,686
19830,677
19831,165
19832,143
19834,919
19835,459
19837,633
19838,183
19839,303
19840,497
19841,253
19892,223
19898,1200
19901,582
19928,482
19929,469
19961,499
19971,1066
19975,179
19977,252
19978,323
19984,281
19986,447
19990,290
19991,166
20011,170
20012,171
20013,245
20014,172
20015,445
20017,874
20038,585
20042,476
20043,333
20044,860
20046,370
20047,420
20049,298
20050,183
20051,171
20052,174
20053,828
20056,270
20149,162
20151,157
20159,1480
20164,1715
20188,365
20189,416
20190,476
20192,82
20199,474
20200,472
20202,307
20204,365
20242,758
20245,210
20246,324
20249,529
20255,602
20256,695
20258,699
20259,172
20260,232
20261,1063
20262,166
20263,742
20264,171
20265,668
20268,341
20269,412
20270,209
20271,242
20346,841
20367,405
20368,401
20370,406
20380,1717
20382,199
20383,1847
20387,464
20415,567
20416,173
20417,391
20459,277
20461,477
20466,276
20467,466
20469,256
20471,285
20474,259
20475,228
20476,164
20481,862
20482,690
20483,260
20484,154
20486,396
20539,356
20586,699
20587,802
20590,1361
20596,671
20599,169
20600,170
20627,335
20628,346
20630,343
20654,452
20673,194
20677,177
20678,178
20679,445
20681,983
20683,1024
20684,234
20685,453
20687,340
20688,366
20690,389
20691,812
20695,174
20696,252
20697,176
20698,187
20699,93
20700,1054
20752,346
20753,715
20754,307
20755,319
20756,161
20757,268
20794,2021
20804,1187
20808,165
20811,338
20812,170
20822,207
20847,228
20863,6851
20864,2595
20887,342
20889,969
20891,75
20892,81
20893,349
20895,720
20897,658
20899,367
20903,841
20905,708
20906,115
20907,294
20912,550
20961,133
20962,160
20963,245
20965,280
20966,243
20970,242
20971,116
20989,61
21013,1602
21017,2477
21020,330
21021,331
21023,481
21024,714
21037,45
21038,31
21063,825
21101,869
21103,1148
21105,234
21106,224
21107,467
21109,1030
21111,318
21112,364
21113,406
21114,264
21115,262
21116,801
21118,173
21119,207
21120,295
21121,355
21124,374
21125,405
21128,1208
21129,1787
21130,968
21174,71
21176,520
21180,944
21184,493
21185,1114
21219,1675
21237,868
21274,234
21275,235
21276,547
21319,634
21320,428
21321,159
21322,450
21323,928
21327,403
21328,407
21330,406
21332,366
21333,375
21339,498
21342,576
21343,967
21390,453
21395,226
21396,227
21399,164
21434,504
21438,1633
21488,227
21493,349
21530,702
21532,523
21533,157
21547,249
21550,379
21552,482
21556,756
21604,577
21608,364
21609,104
21613,235
21639,427
21703,509
21704,44
21705,1626
21745,500
21766,216
21768,753
21769,751
21819,265
21822,117
21823,501
21825,454
21826,213
21827,189
21851,465
21852,479
21862,2101
21918,90
21920,568
22027,241
22032,338
22033,242
22035,1352
22038,230
22039,229
22040,240
22041,266
22064,828
22072,504
22090,1158
22126,164
22130,661
22132,888
22247,834
22250,242
22254,448
22255,467
22275,3169
22280,2294
22340,106
22462,163
22463,165
22464,183
22465,391
22467,252
22468,102
22469,286
22492,2505
22499,2496
22502,813
22504,439
22511,485
22512,367
22514,296
22516,561
22553,586
22554,338
22677,201
22678,178
22679,450
22680,491
22681,346
22683,349
22686,3271
22701,904
22702,2298
22717,1511
22724,119
22725,232
22727,298
22729,531
22734,2621
22735,86
22736,679
22737,565
22756,107
22758,217
22759,609
22760,475
22763,702
22766,230
22767,282
22768,353
22769,282
22875,658
22891,410
22892,217
22893,407
22895,179
22896,346
22897,476
22902,3207
22913,891
22924,2307
22927,903
22930,353
22935,325
22937,362
22938,701
22939,293
22940,268
22941,415
22946,1481
22948,279
22949,287
22951,269
22952,1278
22954,575
22955,188
22956,181
22969,457
22970,585
22971,747
22972,352
22973,534
22975,1222
22977,581
22979,241
22981,447
22991,202
23088,1080
23104,1054
23106,240
23108,398
23109,332
23110,37
23111,305
23112,4069
23123,2807
23129,2299
23135,2113
23140,301
23143,936
23145,468
23148,542
23149,128
23151,105
23152,230
23153,106
23154,227
23160,148
23163,168
23165,174
23167,595
23170,391
23171,1901
23172,241
23175,1317
23184,242
23185,241
23186,179
23189,715
23190,344
23192,233
23193,538
23194,183
23195,186
23201,944
23205,305
23301,1407
23305,1068
23306,463
23308,479
23310,1272
23318,305
23319,410
23320,198
23321,466
23323,154
23324,162
23325,396
23333,2691
23340,485
23357,1302
23359,559
23361,136
23370,271
23371,176
23372,177
23373,169
23374,124
23375,170
23379,258
23380,264
23381,262
23387,518
23394,706
23400,256
23401,158
23402,381
23404,269
23405,238
23406,269
23407,669
23408,229
23409,267
23410,329
23415,868
23416,782
23417,404
23518,672
23523,937
23524,629
23525,429
23543,2970
23552,2595
23559,1921
23562,1194
23563,1014
23571,1001
23578,186
23584,166
23585,617
23587,326
23588,163
23594,264
23597,264
23598,520
23601,631
23608,707
23609,522
23610,1901
23616,710
23618,162
23619,105
23620,347
23621,112
23624,336
23631,430
23729,1428
23733,634
23734,468
23735,703
23740,669
23741,431
23764,856
23769,2358
23777,353
23778,2027
23779,627
23780,362
23782,172
23787,2080
23789,265
23790,107
23791,107
23792,169
23798,270
23799,225
23801,167
23802,333
23805,1340
23806,521
23808,264
23810,267
23811,532
23814,214
23815,229
23816,215
23817,229
23832,132
23833,171
23834,472
23835,456
23913,1013
23914,342
23915,664
23916,992
23918,664
23942,1428
23945,235
23946,458
23951,928
23952,241
23954,930
23955,670
23956,690
23968,1633
23974,336
23975,322
23976,349
23979,852
23988,590
23990,373
23991,356
23993,520
23994,187
23995,186
23996,356
24002,264
24004,222
24005,174
24006,159
24007,59
24008,79
24009,338
24010,327
24012,166
24014,163
24016,317
24018,488
24020,697
24023,943
24024,263
24025,246
24026,230
24027,221
24028,220
24029,222
24030,222
24031,229
24032,211
24034,220
24036,241
24037,483
24123,2542
24125,1053
24130,726
24132,1079
24159,935
24162,246
24163,240
24165,233
24170,706
24183,410
24185,376
24186,1080
24187,684
24188,390
24190,340
24191,341
24192,373
24199,1130
24206,587
24207,447
24208,764
24209,189
24215,266
24219,2187
24223,2408
24228,142
24229,144
24230,145
24231,236
24232,537
24237,828
24239,311
24240,215
24241,283
24243,230
24244,230
24245,227
24246,368
24247,224
24248,215
24249,683
24253,1123
24254,241
24255,186
24256,229
24340,487
24341,245
24342,521
24343,995
24345,604
24370,691
24371,709
24372,1062
24375,408
24376,373
24377,240
24379,229
24384,703
